node1,node2,length,startLon,startLat,endLon,endLat,endNodeL,startNodeL,startYear,endYear,tipLabel
116,117,0.143355292971361,-73.953949528948,40.7107254587659,-73.9283164962277,40.7359449771859,0.143355292971361,0,2020.05794854071,2020.20130383368,NA
117,121,0.000216242300910163,-73.9283164962277,40.7359449771859,-73.9271547085238,40.7347571602504,0.143571535272271,0.143355292971361,2020.20130383368,2020.20152007598,NA
121,129,8.67375336016663e-05,-73.9271547085238,40.7347571602504,-73.9276994868487,40.7358837019085,0.143658272805873,0.143571535272271,2020.20152007598,2020.20160681351,NA
129,130,0.000105168990979648,-73.9276994868487,40.7358837019085,-73.9283946001609,40.7367402872769,0.143763441796852,0.143658272805873,2020.20160681351,2020.2017119825,NA
130,131,3.05481476660097e-05,-73.9283946001609,40.7367402872769,-73.9288761898781,40.7368949249246,0.143793989944518,0.143763441796852,2020.2017119825,2020.20174253065,NA
131,137,0.000163161236685777,-73.9288761898781,40.7368949249246,-73.9561663412702,40.730437807345,0.143957151181204,0.143793989944518,2020.20174253065,2020.20190569189,NA
130,200,0.000205733695312876,-73.9283946001609,40.7367402872769,-73.9298151138975,40.7384962031004,0.143969175492165,0.143763441796852,2020.2017119825,2020.2019177162,NA
137,143,3.68679517796511e-05,-73.9561663412702,40.730437807345,-73.9518590915074,40.7265467900471,0.143994019132984,0.143957151181204,2020.20190569189,2020.20194255984,NA
137,138,5.00121396573572e-05,-73.9561663412702,40.730437807345,-73.9297045789842,40.7373973543187,0.144007163320861,0.143957151181204,2020.20190569189,2020.20195570403,NA
131,132,0.00021516276017039,-73.9288761898781,40.7368949249246,-73.9403844751097,40.7172710779322,0.144009152704689,0.143793989944518,2020.20174253065,2020.20195769341,NA
200,219,4.87239681342122e-05,-73.9298151138975,40.7384962031004,-73.9313686043209,40.7383585238239,0.144017899460299,0.143969175492165,2020.2019177162,2020.20196644017,NA
143,144,4.8606404983248e-05,-73.9518590915074,40.7265467900471,-73.9501667862327,40.726970631344,0.144042625537967,0.143994019132984,2020.20194255984,2020.20199116625,NA
200,201,9.5324766703514e-05,-73.9298151138975,40.7384962031004,-73.9295014285509,40.7395765408542,0.144064500258869,0.143969175492165,2020.2019177162,2020.20201304097,NA
201,202,2.0888021392107e-05,-73.9295014285509,40.7395765408542,-73.9385339407019,40.7362545942072,0.144085388280261,0.144064500258869,2020.20201304097,2020.20203392899,NA
132,133,7.94880731827818e-05,-73.9403844751097,40.7172710779322,-73.9006626659851,40.74927479535,0.144088640777871,0.144009152704689,2020.20195769341,2020.20203718149,NA
219,223,7.45317664946621e-05,-73.9313686043209,40.7383585238239,-73.9306800420684,40.7351416002495,0.144092431226794,0.144017899460299,2020.20196644017,2020.20204097193,NA
138,139,9.05967820795384e-05,-73.9297045789842,40.7373973543187,-73.9320519037137,40.7388037504683,0.144097760102941,0.144007163320861,2020.20195570403,2020.20204630081,NA
143,171,0.000105474100167646,-73.9518590915074,40.7265467900471,-73.9475541363388,40.7305273017549,0.144099493233151,0.143994019132984,2020.20194255984,2020.20204803394,NA
144,145,6.16465488174067e-05,-73.9501667862327,40.726970631344,-73.9481505354292,40.7279560005858,0.144104272086784,0.144042625537967,2020.20199116625,2020.20205281279,NA
171,189,7.92005368646653e-06,-73.9475541363388,40.7305273017549,-73.9475201356485,40.7316664961836,0.144107413286838,0.144099493233151,2020.20204803394,2020.20205595399,NA
171,172,8.44947442821264e-06,-73.9475541363388,40.7305273017549,-73.9458866526896,40.7317133017425,0.144107942707579,0.144099493233151,2020.20204803394,2020.20205648341,NA
129,225,0.000452240292148853,-73.9276994868487,40.7358837019085,-73.9258155752368,40.740659843481,0.144110513098021,0.143658272805873,2020.20160681351,2020.20205905381,NA
202,203,2.62339279619994e-05,-73.9385339407019,40.7362545942072,-73.9494235986253,40.7410585788579,0.144111622208223,0.144085388280261,2020.20203392899,2020.20206016292,NA
144,169,7.00619270951608e-05,-73.9501667862327,40.726970631344,-73.9286574280241,40.750362810276,0.144112687465062,0.144042625537967,2020.20199116625,2020.20206122817,NA
145,149,1.48883182397308e-05,-73.9481505354292,40.7279560005858,-73.9469339737401,40.7301594725066,0.144119160405024,0.144104272086784,2020.20205281279,2020.20206770111,NA
189,193,1.41862677131011e-05,-73.9475201356485,40.7316664961836,-73.9430705204046,40.7341518890996,0.144121599554551,0.144107413286838,2020.20205595399,2020.20207014026,NA
201,208,5.76800340136852e-05,-73.9295014285509,40.7395765408542,-73.9532403818954,40.7317556054672,0.144122180292882,0.144064500258869,2020.20201304097,2020.202070721,NA
193,194,3.86245499764404e-06,-73.9430705204046,40.7341518890996,-73.9274675552179,40.7404672150465,0.144125462009548,0.144121599554551,2020.20207014026,2020.20207400272,NA
149,153,8.83457696485013e-06,-73.9469339737401,40.7301594725066,-73.9496506867894,40.7270480768255,0.144127994981989,0.144119160405024,2020.20206770111,2020.20207653569,NA
172,182,2.42861066727107e-05,-73.9458866526896,40.7317133017425,-73.9433195661039,40.7295458324726,0.144132228814252,0.144107942707579,2020.20205648341,2020.20208076952,NA
169,170,2.31190309168683e-05,-73.9286574280241,40.750362810276,-73.9262491461464,40.7425513673813,0.144135806495979,0.144112687465062,2020.20206122817,2020.2020843472,NA
153,154,1.13116910853972e-05,-73.9496506867894,40.7270480768255,-73.9505715256505,40.7251312611089,0.144139306673074,0.144127994981989,2020.20207653569,2020.20208784738,NA
208,209,1.79657372037789e-05,-73.9532403818954,40.7317556054672,-73.9471529722199,40.7374562447531,0.144140146030086,0.144122180292882,2020.202070721,2020.20208868674,NA
209,210,1.28518137282319e-06,-73.9471529722199,40.7374562447531,-73.9260302063018,40.7386106447516,0.144141431211459,0.144140146030086,2020.20208868674,2020.20208997192,NA
189,190,3.46624505811188e-05,-73.9475201356485,40.7316664961836,-73.946424350944,40.7332606726112,0.144142075737419,0.144107413286838,2020.20205595399,2020.20209061644,NA
154,157,4.3581410399951e-06,-73.9505715256505,40.7251312611089,-73.95028577922,40.7234735335569,0.144143664814114,0.144139306673074,2020.20208784738,2020.20209220552,NA
132,134,0.000134828359868583,-73.9403844751097,40.7172710779322,-73.9229164754454,40.7453818730092,0.144143981064557,0.144009152704689,2020.20195769341,2020.20209252177,NA
219,220,0.000132664562139839,-73.9313686043209,40.7383585238239,-73.9328200654887,40.7378493425486,0.144150564022439,0.144017899460299,2020.20196644017,2020.20209910473,NA
121,122,0.000580071009772587,-73.9271547085238,40.7347571602504,-73.9249665453025,40.7327444124621,0.144151606282043,0.143571535272271,2020.20152007598,2020.20210014699,NA
225,226,4.41452505171858e-05,-73.9258155752368,40.740659843481,-73.923102542533,40.7427442496714,0.144154658348539,0.144110513098021,2020.20205905381,2020.20210319906,NA
190,191,1.26164603717061e-05,-73.946424350944,40.7332606726112,-73.9323296562107,40.7400262072887,0.144154692197791,0.144142075737419,2020.20209061644,2020.20210323291,NA
220,221,7.78920277477724e-06,-73.9328200654887,40.7378493425486,-73.9336282494027,40.7385075711355,0.144158353225214,0.144150564022439,2020.20209910473,2020.20210689393,NA
145,146,5.93127242257963e-05,-73.9481505354292,40.7279560005858,-73.9234133458039,40.7359508895916,0.14416358481101,0.144104272086784,2020.20205281279,2020.20211212552,NA
182,183,3.1451207896438e-05,-73.9433195661039,40.7295458324726,-73.9474135984488,40.7246997278698,0.144163680022149,0.144132228814252,2020.20208076952,2020.20211222073,NA
193,196,4.2157009355781e-05,-73.9430705204046,40.7341518890996,-73.9420723773323,40.7341000099186,0.144163756563907,0.144121599554551,2020.20207014026,2020.20211229727,NA
208,214,4.31767323745835e-05,-73.9532403818954,40.7317556054672,-73.9561978737776,40.725812755492,0.144165357025257,0.144122180292882,2020.202070721,2020.20211389773,NA
183,184,2.4342096660579e-06,-73.9474135984488,40.7246997278698,-73.9360896755366,40.7267195421841,0.144166114231815,0.144163680022149,2020.20211222073,2020.20211465494,NA
184,185,7.11264367958542e-07,-73.9360896755366,40.7267195421841,-73.931349078575,40.7285370388568,0.144166825496183,0.144166114231815,2020.20211465494,2020.2021153662,NA
214,215,1.61260865877422e-06,-73.9561978737776,40.725812755492,-73.9359571140066,40.7444908279059,0.144166969633916,0.144165357025257,2020.20211389773,2020.20211551034,NA
157,160,2.55499414340554e-05,-73.95028577922,40.7234735335569,-73.951854872298,40.7209596149185,0.144169214755548,0.144143664814114,2020.20209220552,2020.20211775546,NA
215,216,2.83706898177027e-06,-73.9359571140066,40.7444908279059,-73.9275605655441,40.7423342059586,0.144169806702897,0.144166969633916,2020.20211551034,2020.20211834741,NA
122,123,1.90100792519798e-05,-73.9249665453025,40.7327444124621,-73.92408109599,40.7210261588953,0.144170616361295,0.144151606282043,2020.20210014699,2020.20211915707,NA
160,161,1.76197378840004e-06,-73.951854872298,40.7209596149185,-73.9269830967836,40.743753116062,0.144170976729337,0.144169214755548,2020.20211775546,2020.20211951744,NA
221,222,1.35229011445637e-05,-73.9336282494027,40.7385075711355,-73.9327809055184,40.7425689368207,0.144171876126358,0.144158353225214,2020.20210689393,2020.20212041683,NA
196,197,8.33699942459631e-06,-73.9420723773323,40.7341000099186,-73.9331628137702,40.7382057505165,0.144172093563331,0.144163756563907,2020.20211229727,2020.20212063427,NA
117,118,0.000818405622221435,-73.9283164962277,40.7359449771859,-73.9245626759815,40.7142962085169,0.144173698593582,0.143355292971361,2020.20130383368,2020.2021222393,NA
149,150,5.49065618765943e-05,-73.9469339737401,40.7301594725066,-73.9350918322245,40.7442696048072,0.144174066966901,0.144119160405024,2020.20206770111,2020.20212260767,NA
216,217,4.58904000183447e-06,-73.9275605655441,40.7423342059586,-73.9417362648553,40.7425811994613,0.144174395742899,0.144169806702897,2020.20211834741,2020.20212293645,NA
154,155,3.57353910241109e-05,-73.9505715256505,40.7251312611089,-73.9165322643414,40.7343211557245,0.144175042064098,0.144139306673074,2020.20208784738,2020.20212358277,NA
191,192,2.0485555790678e-05,-73.9323296562107,40.7400262072887,-73.9478808720826,40.7304123688097,0.144175177753581,0.144154692197791,2020.20210323291,2020.20212371846,NA
209,213,3.66394022337235e-05,-73.9471529722199,40.7374562447531,-73.9292679510509,40.7412079050244,0.14417678543232,0.144140146030086,2020.20208868674,2020.20212532614,NA
157,158,3.32330635827438e-05,-73.95028577922,40.7234735335569,-73.9203999537891,40.7534057481702,0.144176897877697,0.144143664814114,2020.20209220552,2020.20212543859,NA
226,227,2.42277485819342e-05,-73.923102542533,40.7427442496714,-73.9130731359216,40.7528466010788,0.14417888609712,0.144154658348539,2020.20210319906,2020.2021274268,NA
196,198,1.54560820692651e-05,-73.9420723773323,40.7341000099186,-73.9296595985788,40.7369788679967,0.144179212645976,0.144163756563907,2020.20211229727,2020.20212775335,NA
139,140,8.190769403571e-05,-73.9320519037137,40.7388037504683,-73.9321183821994,40.7385127394775,0.144179667796977,0.144097760102941,2020.20204630081,2020.2021282085,NA
123,125,9.23661676113796e-06,-73.92408109599,40.7210261588953,-73.8788462705127,40.7209726221808,0.144179852978057,0.144170616361295,2020.20211915707,2020.20212839369,NA
172,173,7.23781656843392e-05,-73.9458866526896,40.7317133017425,-73.9485411126292,40.7315761061008,0.144180320873264,0.144107942707579,2020.20205648341,2020.20212886158,NA
158,159,3.98693182968035e-06,-73.9203999537891,40.7534057481702,-73.9251394073473,40.7443758395097,0.144180884809527,0.144176897877697,2020.20212543859,2020.20212942552,NA
227,228,2.0695844345775e-06,-73.9130731359216,40.7528466010788,-73.9145352377678,40.7735165322289,0.144180955681555,0.14417888609712,2020.2021274268,2020.20212949639,NA
173,175,0.00031720534706936,-73.9485411126292,40.7315761061008,-73.9695293802647,40.7231424948708,0.144497526220333,0.144180320873264,2020.20212886158,2020.20244606693,NA
140,141,0.000503119813232311,-73.9321183821994,40.7385127394775,-73.9324872803179,40.7393165280268,0.144682787610209,0.144179667796977,2020.2021282085,2020.20263132832,NA
202,206,0.00178752792959497,-73.9385339407019,40.7362545942072,-73.9603582095052,40.7241557003466,0.145872916209856,0.144085388280261,2020.20203392899,2020.20382145692,NA
175,178,0.00180932343772616,-73.9695293802647,40.7231424948708,-74.0035637878737,40.7059794058353,0.146306849658059,0.144497526220333,2020.20244606693,2020.20425539037,NA
183,188,0.00217003920151368,-73.9474135984488,40.7246997278698,-73.939717996373,40.7367918676357,0.146333719223662,0.144163680022149,2020.20211222073,2020.20428225993,NA
153,167,0.00237753657355488,-73.9496506867894,40.7270480768255,-73.9272608480749,40.7544965917648,0.146505531555544,0.144127994981989,2020.20207653569,2020.20445407226,NA
210,211,0.00262760531727146,-73.9260302063018,40.7386106447516,-73.9189695837105,40.7555537352097,0.14676903652873,0.144141431211459,2020.20208997192,2020.20471757724,NA
203,204,0.0033642343023399,-73.9494235986253,40.7410585788579,-73.9268603282609,40.7572908605277,0.147475856510563,0.144111622208223,2020.20206016292,2020.20542439722,NA
175,176,0.00317192386089474,-73.9695293802647,40.7231424948708,-73.9550964203296,40.7012315690563,0.147669450081228,0.144497526220333,2020.20244606693,2020.20561799079,NA
118,119,0.00356720329566904,-73.9245626759815,40.7142962085169,-73.9181650937651,40.6685421737869,0.147740901889251,0.144173698593582,2020.2021222393,2020.2056894426,NA
139,142,0.00382494200412434,-73.9320519037137,40.7388037504683,-73.942986650891,40.7297985919371,0.147922702107065,0.144097760102941,2020.20204630081,2020.20587124281,NA
119,120,0.00135330830989866,-73.9181650937651,40.6685421737869,-73.9242416073617,40.6571068414886,0.14909421019915,0.147740901889251,2020.2056894426,2020.20704275091,NA
146,147,0.00534425950405312,-73.9234133458039,40.7359508895916,-73.8708300709237,40.7283011205145,0.149507844315063,0.14416358481101,2020.20211212552,2020.20745638502,NA
184,186,0.00538972501002719,-73.9360896755366,40.7267195421841,-73.8429290146759,40.6960052056767,0.149555839241842,0.144166114231815,2020.20211465494,2020.20750437995,NA
194,75,0.00557627050348275,-73.9274675552179,40.7404672150465,-73.8201928720807,40.7785762122263,0.149701732513031,0.144125462009548,2020.20207400272,2020.20765027322,hCoV-19/USA/NY-NYUMC28/2020
188,69,0.00336801328936892,-73.939717996373,40.7367918676357,-74.0029744894928,40.7302798560538,0.149701732513031,0.146333719223662,2020.20428225993,2020.20765027322,hCoV-19/USA/NY-NYUMC27/2020
120,3,0.000607522313881392,-73.9242416073617,40.6571068414886,-73.9447225653555,40.6122332252146,0.149701732513031,0.14909421019915,2020.20704275091,2020.20765027322,hCoV-19/USA/NY-NYUMC656/2020
223,224,0.00587139508014686,-73.9306800420684,40.7351416002495,-73.9213293698276,40.7369150086079,0.149963826306941,0.144092431226794,2020.20204097193,2020.20791236701,NA
122,126,0.00600732297137621,-73.9249665453025,40.7327444124621,-73.8897384370853,40.7335008530595,0.15015892925342,0.144151606282043,2020.20210014699,2020.20810746996,NA
194,195,0.00622816343090002,-73.9274675552179,40.7404672150465,-73.9352402903184,40.7419396909463,0.150353625440448,0.144125462009548,2020.20207400272,2020.20830216615,NA
126,127,0.000775577708971825,-73.8897384370853,40.7335008530595,-73.8900930131052,40.7410518305349,0.150934506962391,0.15015892925342,2020.20810746996,2020.20888304767,NA
160,165,0.00714894680058845,-73.951854872298,40.7209596149185,-73.9103342428094,40.7278200307591,0.151318161556137,0.144169214755548,2020.20211775546,2020.20926670226,NA
198,199,0.00810219984706403,-73.9296595985788,40.7369788679967,-73.9070216124319,40.7648064411564,0.15228141249304,0.144179212645976,2020.20212775335,2020.2102299532,NA
170,51,0.00829816645713435,-73.9262491461464,40.7425513673813,-73.9067702741305,40.7762420546503,0.152433972953113,0.144135806495979,2020.2020843472,2020.21038251366,hCoV-19/USA/NY-NYUMC64/2020
220,102,0.00828340893067414,-73.9328200654887,40.7378493425486,-73.9312211632958,40.8382009171099,0.152433972953113,0.144150564022439,2020.20209910473,2020.21038251366,hCoV-19/USA/NY-NYUMC58/2020
221,105,0.00827561972789936,-73.9336282494027,40.7385075711355,-74.0212977418228,40.632799633114,0.152433972953113,0.144158353225214,2020.20210689393,2020.21038251366,hCoV-19/USA/NY-NYUMC115/2020
185,63,0.00826714745693061,-73.931349078575,40.7285370388568,-74.0148062896912,40.6307546617458,0.152433972953113,0.144166825496183,2020.2021153662,2020.21038251366,hCoV-19/USA/NY-NYUMC79/2020
215,96,0.00826700331919764,-73.9359571140066,40.7444908279059,-73.9039698337687,40.8615924700763,0.152433972953113,0.144166969633916,2020.20211551034,2020.21038251366,hCoV-19/USA/NY-NYUMC121/2020
216,99,0.00826416625021587,-73.9275605655441,40.7423342059586,-73.9371772108131,40.7138180805217,0.152433972953113,0.144169806702897,2020.20211834741,2020.21038251366,hCoV-19/USA/NY-NYUMC104/2020
222,103,0.0082620968267548,-73.9327809055184,40.7425689368207,-73.9122826088463,40.8181614505924,0.152433972953113,0.144171876126358,2020.20212041683,2020.21038251366,hCoV-19/USA/NY-NYUMC98/2020
222,104,0.0082620968267548,-73.9327809055184,40.7425689368207,-73.9727126258236,40.7222633485113,0.152433972953113,0.144171876126358,2020.20212041683,2020.21038251366,hCoV-19/USA/NY-NYUMC73/2020
197,78,0.00826187938978204,-73.9331628137702,40.7382057505165,-73.9267616847051,40.8281941179489,0.152433972953113,0.144172093563331,2020.20212063427,2020.21038251366,hCoV-19/USA/NY-NYUMC78/2020
197,79,0.00826187938978204,-73.9331628137702,40.7382057505165,-74.0050478501481,40.6770410082933,0.152433972953113,0.144172093563331,2020.20212063427,2020.21038251366,hCoV-19/USA/NY-NYUMC85/2020
213,94,0.00825718752079349,-73.9292679510509,40.7412079050244,-73.8695040934954,40.8253841614662,0.152433972953113,0.14417678543232,2020.20212532614,2020.21038251366,hCoV-19/USA/NY-NYUMC92/2020
141,21,0.00775118534290437,-73.9324872803179,40.7393165280268,-73.9026105215253,40.8762876680974,0.152433972953113,0.144682787610209,2020.20263132832,2020.21038251366,hCoV-19/USA/NY-NYUMC38/2020
119,2,0.00469307106386208,-73.9181650937651,40.6685421737869,-73.8383279982039,40.714721240995,0.152433972953113,0.147740901889251,2020.2056894426,2020.21038251366,hCoV-19/USA/NY-NYUMC920/2020
126,12,0.00227504369969359,-73.8897384370853,40.7335008530595,-73.8560862957736,40.7267660640255,0.152433972953113,0.15015892925342,2020.20810746996,2020.21038251366,hCoV-19/USA/NY-NYUMC922/2020
195,76,0.00208034751266475,-73.9352402903184,40.7419396909463,-73.9697831534763,40.755911630925,0.152433972953113,0.150353625440448,2020.20830216615,2020.21038251366,hCoV-19/USA/NY-NYUMC39/2020
199,81,0.000152560460073337,-73.9070216124319,40.7648064411564,-73.8995054091048,40.7743593408876,0.152433972953113,0.15228141249304,2020.2102299532,2020.21038251366,hCoV-19/USA/NY-NYUMC72/2020
206,207,0.00712593982782284,-73.9603582095052,40.7241557003466,-74.0113191764338,40.6765927963873,0.152998856037678,0.145872916209856,2020.20382145692,2020.21094739675,NA
123,124,0.00937164596858511,-73.92408109599,40.7210261588953,-73.9642583320186,40.6740680059867,0.153542262329881,0.144170616361295,2020.20211915707,2020.21149080304,NA
146,148,0.00944918488678564,-73.9234133458039,40.7359508895916,-73.9391395697626,40.7274111413953,0.153612769697796,0.14416358481101,2020.20211212552,2020.21156131041,NA
210,212,0.00949104046334229,-73.9260302063018,40.7386106447516,-73.8737230307005,40.7115784621248,0.153632471674801,0.144141431211459,2020.20208997192,2020.21158101238,NA
150,152,0.0101310545063607,-73.9350918322245,40.7442696048072,-73.9021347740065,40.7758311772085,0.154305121473261,0.144174066966901,2020.20212260767,2020.21225366218,NA
138,24,0.0138912905121886,-73.9297045789842,40.7373973543187,-73.9524886033732,40.6554703791605,0.15789845383305,0.144007163320861,2020.20195570403,2020.21584699454,hCoV-19/USA/NY-NYUMC764/2020
226,113,0.0137437954845114,-73.923102542533,40.7427442496714,-73.9226783846226,40.734680556382,0.15789845383305,0.144154658348539,2020.20210319906,2020.21584699454,hCoV-19/USA/NY-NYUMC748/2020
213,95,0.0137216684007302,-73.9292679510509,40.7412079050244,-73.9780962296356,40.6370248050975,0.15789845383305,0.14417678543232,2020.20212532614,2020.21584699454,hCoV-19/USA/NY-NYUMC762/2020
141,20,0.013215666222841,-73.9324872803179,40.7393165280268,-74.1238509629915,40.5916172539587,0.15789845383305,0.144682787610209,2020.20263132832,2020.21584699454,hCoV-19/USA/NY-NYUMC916/2020
147,26,0.00839060951798673,-73.8708300709237,40.7283011205145,-73.7406901212636,40.6832144192969,0.15789845383305,0.149507844315063,2020.20745638502,2020.21584699454,hCoV-19/USA/NY-NYUMC830/2020
161,43,0.0164597175337908,-73.9269830967836,40.743753116062,-73.9126555323658,40.7641501850442,0.160630694263127,0.144170976729337,2020.20211951744,2020.21857923497,hCoV-19/USA/NY-NYUMC765/2020
198,82,0.0164514816171516,-73.9296595985788,40.7369788679967,-73.9794741267365,40.646044901109,0.160630694263127,0.144179212645976,2020.20212775335,2020.21857923497,hCoV-19/USA/NY-NYUMC750/2020
225,114,0.0192524216049608,-73.9258155752368,40.740659843481,-73.9794219506611,40.7494710771453,0.163362934702982,0.144110513098021,2020.20205905381,2020.22131147541,hCoV-19/USA/NY-NYUMC738/2020
186,187,0.0153423043846952,-73.8429290146759,40.6960052056767,-73.8004744371525,40.6807287686983,0.164898143626537,0.149555839241842,2020.20750437995,2020.22284668433,NA
127,128,0.0144182367261098,-73.8900930131052,40.7410518305349,-73.9041327553642,40.73487199455,0.165352743688501,0.150934506962391,2020.20888304767,2020.2233012844,NA
161,162,0.0233649425658285,-73.9269830967836,40.743753116062,-73.9196858673815,40.7938550831355,0.167535919295165,0.144170976729337,2020.20211951744,2020.22548446,NA
150,151,0.0236849924502382,-73.9350918322245,40.7442696048072,-73.926288638481,40.7825731416574,0.167859059417139,0.144174066966901,2020.20212260767,2020.22580760012,NA
162,163,0.00248959427442441,-73.9196858673815,40.7938550831355,-73.9170963145081,40.8072474725161,0.17002551356959,0.167535919295165,2020.22548446,2020.22797405428,NA
165,166,0.0192093355134339,-73.9103342428094,40.7278200307591,-73.905599605824,40.7587874377997,0.170527497069571,0.151318161556137,2020.20926670226,2020.22847603778,NA
204,205,0.0232295065778887,-73.9268603282609,40.7572908605277,-73.9364257716033,40.7720356882336,0.170705363088451,0.147475856510563,2020.20542439722,2020.2286539038,NA
134,136,0.0267968729112239,-73.9229164754454,40.7453818730092,-73.886938591925,40.7455896754619,0.170940853975781,0.144143981064557,2020.20209252177,2020.22888939468,NA
176,177,0.0232972781196511,-73.9550964203296,40.7012315690563,-73.9585218564177,40.696780881864,0.170966728200879,0.147669450081228,2020.20561799079,2020.22891526891,NA
155,156,0.0269512202748568,-73.9165322643414,40.7343211557245,-73.9129984268726,40.7397645235888,0.171126262338955,0.144175042064098,2020.20212358277,2020.22907480305,NA
159,36,0.0273787712034697,-73.9251394073473,40.7443758395097,-73.899506946794,40.781853773388,0.171559656012996,0.144180884809527,2020.20212942552,2020.22950819672,hCoV-19/USA/NY-NYUMC818/2020
142,22,0.0236369539059312,-73.942986650891,40.7297985919371,-73.9944254085432,40.7250498538243,0.171559656012996,0.147922702107065,2020.20587124281,2020.22950819672,hCoV-19/USA/NY-NYUMC823/2020
124,5,0.0180173936831159,-73.9642583320186,40.6740680059867,-74.022548195048,40.6063958264423,0.171559656012996,0.153542262329881,2020.21149080304,2020.22950819672,hCoV-19/USA/NY-NYUMC783/2020
156,34,0.000433393674041271,-73.9129984268726,40.7397645235888,-73.8996909571159,40.737751242239,0.171559656012996,0.171126262338955,2020.22907480305,2020.22950819672,hCoV-19/USA/NY-NYUMC786/2020
163,164,0.00305769755240885,-73.9170963145081,40.8072474725161,-73.9172209305622,40.8069822521408,0.173083211121998,0.17002551356959,2020.22797405428,2020.23103175183,NA
214,218,0.0293054420224458,-73.9561978737776,40.725812755492,-73.9309823586467,40.7377919046705,0.173470799047703,0.144165357025257,2020.20211389773,2020.23141933976,NA
173,174,0.029534198978295,-73.9485411126292,40.7315761061008,-73.9755447519637,40.6915148584044,0.173714519851559,0.144180320873264,2020.20212886158,2020.23166306056,NA
167,168,0.0275858136004223,-73.9272608480749,40.7544965917648,-73.9623527974543,40.752330286046,0.174091345155966,0.146505531555544,2020.20445407226,2020.23203988586,NA
191,74,0.0301372042552879,-73.9323296562107,40.7400262072887,-73.8251349169469,40.7072313817584,0.174291896453078,0.144154692197791,2020.20210323291,2020.23224043716,hCoV-19/USA/NY-NYUMC743/2020
125,8,0.0301120434750219,-73.8788462705127,40.7209726221808,-73.7788014686663,40.7124989007036,0.174291896453078,0.144179852978057,2020.20212839369,2020.23224043716,hCoV-19/USA/NY-NYUMC708/2020
211,90,0.0275228599243481,-73.9189695837105,40.7555537352097,-73.8244020668046,40.87430304129,0.174291896453078,0.14676903652873,2020.20471757724,2020.23224043716,hCoV-19/USA/NY-NYUMC739/2020
224,107,0.0243280701461376,-73.9213293698276,40.7369150086079,-73.8762826664133,40.7411476384904,0.174291896453078,0.149963826306941,2020.20791236701,2020.23224043716,hCoV-19/USA/NY-NYUMC718/2020
212,92,0.0206594247782773,-73.8737230307005,40.7115784621248,-73.7464622701289,40.6013802360976,0.174291896453078,0.153632471674801,2020.21158101238,2020.23224043716,hCoV-19/USA/NY-NYUMC699/2020
136,18,0.00335104247729734,-73.886938591925,40.7455896754619,-73.8703546505192,40.7498177869378,0.174291896453078,0.170940853975781,2020.22888939468,2020.23224043716,hCoV-19/USA/NY-NYUMC688/2020
178,181,0.0280326240660931,-74.0035637878737,40.7059794058353,-73.9212272817758,40.718021925231,0.174339473724152,0.146306849658059,2020.20425539037,2020.23228801443,NA
228,229,0.030525272442829,-73.9145352377678,40.7735165322289,-73.9089662832325,40.7828010868818,0.174706228124384,0.144180955681555,2020.20212949639,2020.23265476883,NA
178,179,0.0294880476786875,-74.0035637878737,40.7059794058353,-73.9725151752288,40.6803275533977,0.175794897336747,0.146306849658059,2020.20425539037,2020.23374343804,NA
185,64,0.0328573113967504,-73.931349078575,40.7285370388568,-73.7620504677014,40.6810491288858,0.177024136892933,0.144166825496183,2020.2021153662,2020.2349726776,hCoV-19/USA/NY-NYUMC767/2020
127,9,0.0260896299305416,-73.8900930131052,40.7410518305349,-73.8312716311775,40.8177010134941,0.177024136892933,0.150934506962391,2020.20888304767,2020.2349726776,hCoV-19/USA/NY-NYUMC825/2020
165,46,0.0257059753367963,-73.9103342428094,40.7278200307591,-73.8196724602711,40.6909318207758,0.177024136892933,0.151318161556137,2020.20926670226,2020.2349726776,hCoV-19/USA/NY-NYUMC788/2020
151,29,0.00916507747579431,-73.926288638481,40.7825731416574,-73.9198629133421,40.8479430292578,0.177024136892933,0.167859059417139,2020.22580760012,2020.2349726776,hCoV-19/USA/NY-NYUMC792/2020
136,17,0.00608328291715199,-73.886938591925,40.7455896754619,-73.8670693363299,40.7649441555925,0.177024136892933,0.170940853975781,2020.22888939468,2020.2349726776,hCoV-19/USA/NY-NYUMC816/2020
192,72,0.0383134400095115,-73.9478808720826,40.7304123688097,-73.9840697383945,40.7147122734063,0.182488617763093,0.144175177753581,2020.20212371846,2020.24043715847,hCoV-19/USA/NY-NYUMC534/2020
182,70,0.0410886293886951,-73.9433195661039,40.7295458324726,-73.9765548106257,40.7323412371666,0.185220858202947,0.144132228814252,2020.20208076952,2020.24316939891,hCoV-19/USA/NY-NYUMC415/2020
158,38,0.0410439603252503,-73.9203999537891,40.7534057481702,-73.8352579843947,40.7455704678245,0.185220858202947,0.144176897877697,2020.20212543859,2020.24316939891,hCoV-19/USA/NY-NYUMC521/2020
227,112,0.0410419721058268,-73.9130731359216,40.7528466010788,-73.8007801472233,40.6816690112459,0.185220858202947,0.14417888609712,2020.2021274268,2020.24316939891,hCoV-19/USA/NY-NYUMC567/2020
228,109,0.0410399025213923,-73.9145352377678,40.7735165322289,-73.8663188839307,40.8819720108316,0.185220858202947,0.144180955681555,2020.20212949639,2020.24316939891,hCoV-19/USA/NY-NYUMC517/2020
188,68,0.038887138979285,-73.939717996373,40.7367918676357,-73.9842708105927,40.7407527401908,0.185220858202947,0.146333719223662,2020.20428225993,2020.24316939891,hCoV-19/USA/NY-NYUMC677/2020
167,47,0.0387153266474036,-73.9272608480749,40.7544965917648,-73.8691373798797,40.8771773797925,0.185220858202947,0.146505531555544,2020.20445407226,2020.24316939891,hCoV-19/USA/NY-NYUMC549/2020
204,86,0.0377450016923848,-73.9268603282609,40.7572908605277,-73.9119679895276,40.7650854401212,0.185220858202947,0.147475856510563,2020.20542439722,2020.24316939891,hCoV-19/USA/NY-NYUMC504/2020
176,55,0.0375514081217194,-73.9550964203296,40.7012315690563,-73.9665650271302,40.6484592960148,0.185220858202947,0.147669450081228,2020.20561799079,2020.24316939891,hCoV-19/USA/NY-NYUMC501/2020
120,4,0.0361266480037975,-73.9242416073617,40.6571068414886,-73.859597719187,40.8918671142335,0.185220858202947,0.14909421019915,2020.20704275091,2020.24316939891,hCoV-19/USA/NY-NYUMC524/2020
186,65,0.0356650189611055,-73.8429290146759,40.6960052056767,-73.7756889245949,40.6680304231018,0.185220858202947,0.149555839241842,2020.20750437995,2020.24316939891,hCoV-19/USA/NY-NYUMC315/2020
195,77,0.0348672327624988,-73.9352402903184,40.7419396909463,-73.94720357859,40.68743190887,0.185220858202947,0.150353625440448,2020.20830216615,2020.24316939891,hCoV-19/USA/NY-NYUMC314/2020
207,87,0.0322220021652689,-74.0113191764338,40.6765927963873,-74.1726486956175,40.5370762301608,0.185220858202947,0.152998856037678,2020.21094739675,2020.24316939891,hCoV-19/USA/NY-NYUMC322/2020
152,31,0.0309157367296861,-73.9021347740065,40.7758311772085,-73.8488124646433,40.8962883753308,0.185220858202947,0.154305121473261,2020.21225366218,2020.24316939891,hCoV-19/USA/NY-NYUMC681/2020
164,42,0.0121376470809489,-73.9172209305622,40.8069822521408,-73.9117501296579,40.8834703978979,0.185220858202947,0.173083211121998,2020.23103175183,2020.24316939891,hCoV-19/USA/NY-NYUMC519/2020
174,53,0.0115063383513885,-73.9755447519637,40.6915148584044,-74.1158740343538,40.5539898552631,0.185220858202947,0.173714519851559,2020.23166306056,2020.24316939891,hCoV-19/USA/NY-NYUMC550/2020
168,49,0.0111295130469813,-73.9623527974543,40.752330286046,-73.9742431982932,40.7402771763403,0.185220858202947,0.174091345155966,2020.23203988586,2020.24316939891,hCoV-19/USA/NY-NYUMC304/2020
142,23,0.0400303965259597,-73.942986650891,40.7297985919371,-73.8489611279223,40.7086396565428,0.187953098633025,0.147922702107065,2020.20587124281,2020.24590163934,hCoV-19/USA/NY-NYUMC560/2020
134,135,0.0438128807969313,-73.9229164754454,40.7453818730092,-73.9761131297024,40.7221561282667,0.187956861861488,0.144143981064557,2020.20209252177,2020.24590540257,NA
179,180,0.0126914617645864,-73.9725151752288,40.6803275533977,-73.9754263778204,40.6614177643429,0.188486359101333,0.175794897336747,2020.23374343804,2020.24643489981,NA
118,1,0.0465116404795248,-73.9245626759815,40.7142962085169,-73.9329167203978,40.7138627696466,0.190685339073107,0.144173698593582,2020.2021222393,2020.24863387978,hCoV-19/USA/NY-NYUMC166/2020
217,97,0.0465109433302077,-73.9417362648553,40.7425811994613,-73.8308761486076,40.8752475410756,0.190685339073107,0.144174395742899,2020.20212293645,2020.24863387978,hCoV-19/USA/NY-NYUMC591/2020
206,89,0.0448124228632513,-73.9603582095052,40.7241557003466,-74.0057625529112,40.7368623093934,0.190685339073107,0.145872916209856,2020.20382145692,2020.24863387978,hCoV-19/USA/NY-NYUMC204/2020
212,93,0.0370528673983058,-73.8737230307005,40.7115784621248,-73.9033705317404,40.8047637852239,0.190685339073107,0.153632471674801,2020.21158101238,2020.24863387978,hCoV-19/USA/NY-NYUMC160/2020
152,32,0.0363802175998457,-73.9021347740065,40.7758311772085,-73.872896082392,40.8218530790176,0.190685339073107,0.154305121473261,2020.21225366218,2020.24863387978,hCoV-19/USA/NY-NYUMC161/2020
187,67,0.0257871954465698,-73.8004744371525,40.6807287686983,-73.7485403481394,40.6985628580025,0.190685339073107,0.164898143626537,2020.22284668433,2020.24863387978,hCoV-19/USA/NY-NYUMC184/2020
128,10,0.0253325953846056,-73.9041327553642,40.73487199455,-73.9880540187005,40.6112158224754,0.190685339073107,0.165352743688501,2020.2233012844,2020.24863387978,hCoV-19/USA/NY-NYUMC326/2020
128,11,0.0253325953846056,-73.9041327553642,40.73487199455,-73.9078920040982,40.8299470562488,0.190685339073107,0.165352743688501,2020.2233012844,2020.24863387978,hCoV-19/USA/NY-NYUMC199/2020
205,84,0.0199799759846557,-73.9364257716033,40.7720356882336,-73.9597082318247,40.8166973057357,0.190685339073107,0.170705363088451,2020.2286539038,2020.24863387978,hCoV-19/USA/NY-NYUMC142/2020
218,101,0.0172145400254043,-73.9309823586467,40.7377919046705,-73.9768349973065,40.7116130231795,0.190685339073107,0.173470799047703,2020.23141933976,2020.24863387978,hCoV-19/USA/NY-NYUMC151/2020
181,61,0.0163458653489545,-73.9212272817758,40.718021925231,-73.9567086629289,40.6775143432506,0.190685339073107,0.174339473724152,2020.23228801443,2020.24863387978,hCoV-19/USA/NY-NYUMC186/2020
229,110,0.0159791109487228,-73.9089662832325,40.7828010868818,-73.8784796049121,40.7685584239343,0.190685339073107,0.174706228124384,2020.23265476883,2020.24863387978,hCoV-19/USA/NY-NYUMC193/2020
135,16,0.00272847721161852,-73.9761131297024,40.7221561282667,-73.9776006671589,40.7466786442918,0.190685339073107,0.187956861861488,2020.24590540257,2020.24863387978,hCoV-19/USA/NY-NYUMC183/2020
133,13,0.0493289387350902,-73.9006626659851,40.74927479535,-73.9020666521962,40.8419164991854,0.193417579512962,0.144088640777871,2020.20203718149,2020.25136612022,hCoV-19/USA/NY-NYUMC637/2020
133,14,0.0493289387350902,-73.9006626659851,40.74927479535,-73.7538659411212,40.6939227168166,0.193417579512962,0.144088640777871,2020.20203718149,2020.25136612022,hCoV-19/USA/NY-NYUMC617/2020
169,52,0.0493048920478996,-73.9286574280241,40.750362810276,-73.8360832900205,40.7372474897445,0.193417579512962,0.144112687465062,2020.20206122817,2020.25136612022,hCoV-19/USA/NY-NYUMC647/2020
217,98,0.0492431837700624,-73.9417362648553,40.7425811994613,-74.1678054481741,40.5977016778171,0.193417579512962,0.144174395742899,2020.20212293645,2020.25136612022,hCoV-19/USA/NY-NYUMC636/2020
155,35,0.0492425374488632,-73.9165322643414,40.7343211557245,-73.925787719664,40.7619534591968,0.193417579512962,0.144175042064098,2020.20212358277,2020.25136612022,hCoV-19/USA/NY-NYUMC594/2020
147,25,0.0439097351978984,-73.8708300709237,40.7283011205145,-73.8860188717254,40.8597367133577,0.193417579512962,0.149507844315063,2020.20745638502,2020.25136612022,hCoV-19/USA/NY-NYUMC607/2020
162,39,0.0258816602177964,-73.9196858673815,40.7938550831355,-73.9180837614984,40.8316369096289,0.193417579512962,0.167535919295165,2020.22548446,2020.25136612022,hCoV-19/USA/NY-NYUMC621/2020
163,40,0.023392065943372,-73.9170963145081,40.8072474725161,-73.9046874549011,40.8501959648373,0.193417579512962,0.17002551356959,2020.22797405428,2020.25136612022,hCoV-19/USA/NY-NYUMC613/2020
168,48,0.0193262343569955,-73.9623527974543,40.752330286046,-73.9691946324202,40.8026048319027,0.193417579512962,0.174091345155966,2020.23203988586,2020.25136612022,hCoV-19/USA/NY-NYUMC609/2020
181,62,0.0190781057888092,-73.9212272817758,40.718021925231,-73.8623804544796,40.6794533247589,0.193417579512962,0.174339473724152,2020.23228801443,2020.25136612022,hCoV-19/USA/NY-NYUMC323/2020
229,111,0.0187113513885775,-73.9089662832325,40.7828010868818,-73.918052869173,40.8711540442885,0.193417579512962,0.174706228124384,2020.23265476883,2020.25136612022,hCoV-19/USA/NY-NYUMC620/2020
116,115,0.196149819953044,-73.953949528948,40.7107254587659,-73.9527982092391,40.6194422552029,0.196149819953044,0,2020.05794854071,2020.25409836066,hCoV-19/USA/NY-NYUMC208/2020
203,83,0.0520381977448209,-73.9494235986253,40.7410585788579,-74.0130621635075,40.6423879009696,0.196149819953044,0.144111622208223,2020.20206016292,2020.25409836066,hCoV-19/USA/NY-NYUMC216/2020
190,71,0.0520077442156248,-73.946424350944,40.7332606726112,-73.9729160623091,40.5755737779375,0.196149819953044,0.144142075737419,2020.20209061644,2020.25409836066,hCoV-19/USA/NY-NYUMC890/2020
211,91,0.0493807834243133,-73.9189695837105,40.7555537352097,-74.0203378996815,40.6360286212189,0.196149819953044,0.14676903652873,2020.20471757724,2020.25409836066,hCoV-19/USA/NY-NYUMC219/2020
124,6,0.0426075576231631,-73.9642583320186,40.6740680059867,-73.9834686626917,40.6081078999297,0.196149819953044,0.153542262329881,2020.21149080304,2020.25409836066,hCoV-19/USA/NY-NYUMC246/2020
187,66,0.0312516763265065,-73.8004744371525,40.6807287686983,-73.7726750441579,40.5931745303091,0.196149819953044,0.164898143626537,2020.22284668433,2020.25409836066,hCoV-19/USA/NY-NYUMC603/2020
177,57,0.0251830917521646,-73.9585218564177,40.696780881864,-73.9607822889703,40.6289370538429,0.196149819953044,0.170966728200879,2020.22891526891,2020.25409836066,hCoV-19/USA/NY-NYUMC207/2020
180,60,0.0103957012817879,-73.9754263778204,40.6614177643429,-74.0300277484089,40.6083150762213,0.198882060383121,0.188486359101333,2020.24643489981,2020.25683060109,hCoV-19/USA/NY-NYUMC277/2020
223,106,0.0575218695961819,-73.9306800420684,40.7351416002495,-74.0366306882123,40.6343467371791,0.201614300822976,0.144092431226794,2020.20204097193,2020.25956284153,hCoV-19/USA/NY-NYUMC259/2020
135,15,0.0136574389614874,-73.9761131297024,40.7221561282667,-74.0233942017195,40.6488312329479,0.201614300822976,0.187956861861488,2020.24590540257,2020.25956284153,hCoV-19/USA/NY-NYUMC262/2020
170,50,0.060210734767079,-73.9262491461464,40.7425513673813,-74.00747982483,40.6362479956177,0.204346541263058,0.144135806495979,2020.2020843472,2020.26229508197,hCoV-19/USA/NY-NYUMC266/2020
148,28,0.0561982524351944,-73.9391395697626,40.7274111413953,-74.0127888390981,40.6290245473769,0.20981102213299,0.153612769697796,2020.21156131041,2020.26775956284,hCoV-19/USA/NY-NYUMC358/2020
180,59,0.0213246630316568,-73.9754263778204,40.6614177643429,-73.9409420001134,40.6272091441705,0.20981102213299,0.188486359101333,2020.24643489981,2020.26775956284,hCoV-19/USA/NY-NYUMC348/2020
156,33,0.0441492406739716,-73.9129984268726,40.7397645235888,-73.8901530180604,40.7479434080868,0.215275503012927,0.171126262338955,2020.22907480305,2020.27322404372,hCoV-19/USA/NY-NYUMC296/2020
164,41,0.0421922918909283,-73.9172209305622,40.8069822521408,-73.9017511709569,40.6890020138842,0.215275503012927,0.173083211121998,2020.23103175183,2020.27322404372,hCoV-19/USA/NY-NYUMC655/2020
159,37,0.0792913395134144,-73.9251394073473,40.7443758395097,-73.9775037412299,40.7810731493709,0.223472224322941,0.144180884809527,2020.20212942552,2020.28142076503,hCoV-19/USA/NY-NYUMC331/2020
148,27,0.0698594546251453,-73.9391395697626,40.7274111413953,-73.8696575822971,40.8349009397977,0.223472224322941,0.153612769697796,2020.21156131041,2020.28142076503,hCoV-19/USA/NY-NYUMC403/2020
177,56,0.052505496122062,-73.9585218564177,40.696780881864,-74.146957045101,40.5891678406702,0.223472224322941,0.170966728200879,2020.22891526891,2020.28142076503,hCoV-19/USA/NY-NYUMC405/2020
218,100,0.055465906145398,-73.9309823586467,40.7377919046705,-73.8318081134241,40.7506692928629,0.228936705193101,0.173470799047703,2020.23141933976,2020.2868852459,hCoV-19/USA/NY-NYUMC445/2020
179,58,0.0531418078563538,-73.9725151752288,40.6803275533977,-73.9495779390842,40.6942875495874,0.228936705193101,0.175794897336747,2020.23374343804,2020.2868852459,hCoV-19/USA/NY-NYUMC464/2020
125,7,0.098418054404995,-73.8788462705127,40.7209726221808,-73.8487577777596,40.6798998049947,0.242597907383052,0.144179852978057,2020.20212839369,2020.30054644809,hCoV-19/USA/NY-NYUMC432/2020
151,30,0.0747388479659128,-73.926288638481,40.7825731416574,-73.9454775269423,40.6494437092576,0.242597907383052,0.167859059417139,2020.22580760012,2020.30054644809,hCoV-19/USA/NY-NYUMC460/2020
166,45,0.0720704103134809,-73.905599605824,40.7587874377997,-73.913606245555,40.8802618065053,0.242597907383052,0.170527497069571,2020.22847603778,2020.30054644809,hCoV-19/USA/NY-NYUMC457/2020
192,73,0.101154970059548,-73.9478808720826,40.7304123688097,-73.9894444473019,40.7774060764434,0.245330147813129,0.144175177753581,2020.20212371846,2020.30327868852,hCoV-19/USA/NY-NYUMC895/2020
140,19,0.109347201336171,-73.9321183821994,40.7385127394775,-73.8459461619206,40.6710441547832,0.253526869133148,0.144179667796977,2020.2021282085,2020.31147540984,hCoV-19/USA/NY-NYUMC838/2020
166,44,0.0857316124934274,-73.905599605824,40.7587874377997,-73.8195186841078,40.6735324669862,0.256259109562998,0.170527497069571,2020.22847603778,2020.31420765027,hCoV-19/USA/NY-NYUMC885/2020
205,85,0.0910182273544835,-73.9364257716033,40.7720356882336,-73.8824918547923,40.8525809483422,0.261723590442935,0.170705363088451,2020.2286539038,2020.31967213115,hCoV-19/USA/NY-NYUMC904/2020
174,54,0.0962057919013901,-73.9755447519637,40.6915148584044,-73.9069421597997,40.6527417933514,0.269920311752949,0.173714519851559,2020.23166306056,2020.32786885246,hCoV-19/USA/NY-NYUMC887/2020
224,108,0.141814408946201,-73.9213293698276,40.7369150086079,-73.9776428942582,40.6208501173776,0.291778235253142,0.149963826306941,2020.20791236701,2020.34972677596,hCoV-19/USA/NY-NYUMC886/2020
199,80,0.139496822760102,-73.9070216124319,40.7648064411564,-73.8731335848515,40.81856490729,0.291778235253142,0.15228141249304,2020.2102299532,2020.34972677596,hCoV-19/USA/NY-NYUMC914/2020
207,88,0.144243860085395,-74.0113191764338,40.6765927963873,-73.880162730023,40.7366827861744,0.297242716123074,0.152998856037678,2020.21094739675,2020.35519125683,hCoV-19/USA/NY-NYUMC891/2020
